{
  "mae": 0.18599355220794678,
  "n_samples": 105727,
  "r2": 0.6113463640213013,
  "rmse": 0.41353809689855564
}