{
  "mae": 0.2470281720161438,
  "n_samples": 147456,
  "r2": -0.03412306308746338,
  "rmse": 0.5423275571541702,
  "test_loss": 0.19740009680390358
}