{
  "mae": 0.2670678496360779,
  "n_samples": 49152,
  "r2": 0.015460789203643799,
  "rmse": 0.5760731499353722,
  "test_loss": 0.3318602740764618
}