{
  "mae": 0.3097953796386719,
  "n_samples": 519747,
  "r2": -0.028692960739135742,
  "rmse": 0.7610659810033841,
  "test_loss": 0.6053344083742963
}