{
  "mae": 0.32708677649497986,
  "n_samples": 49152,
  "r2": -0.07419681549072266,
  "rmse": 0.6017319081546049,
  "test_loss": 0.36208128929138184
}