{
  "mae": 0.28467756509780884,
  "n_samples": 203066,
  "r2": -0.0016672611236572266,
  "rmse": 0.6958115533362976,
  "test_loss": 0.5286739245057106
}