{
  "mae": 0.27758970856666565,
  "n_samples": 49152,
  "r2": -0.0025995969772338867,
  "rmse": 0.5813744442530494,
  "test_loss": 0.337996244430542
}