{
  "mae": 0.17449750006198883,
  "n_samples": 105727,
  "r2": 0.6650955080986023,
  "rmse": 0.3838792651221172
}