soil__internal_friction_angle,prediction
27.0,-0.13201051708423417
30.0,-0.13202551873899854
31.0,-0.1325932738608675
33.0,-0.13536663401705057
34.0,-0.13549389633968398
