soil__minimum_total_cohesion,prediction
30.0,-0.1343199029443984
1000.0,-0.13014684895319167
2000.0,-0.13166698042408792
3000.0,-0.13168865812273767
4000.0,-0.1298676191881601
