soil__maximum_total_cohesion,prediction
150.0,-0.1339550187430432
5000.0,-0.13108205180314858
10000.0,-0.1322202265482546
14000.0,-0.13219393938583776
20000.0,-0.1297382934247988
