vegetation__plant_functional_type,prediction
0.0,-0.1439085404852933
1.0,-0.1457606633074532
2.0,-0.10471230542818072
3.0,-0.1082111038288437
