soil__texture,prediction
3.0,-0.13117280230316702
4.0,-0.13184929813656254
7.0,-0.13250771384265295
