wilting__point,prediction
0.09644568711519241,-0.13138545043484115
0.13264882564544678,-0.13193725390527775
0.15570217370986938,-0.13248960452150738
