field__capacity,prediction
0.24937856197357178,-0.13148761480742663
0.2993853986263275,-0.13190134495277825
0.31461018323898315,-0.13177701110925374
