porosity,prediction
0.41999998688697815,-0.13197533200334355
0.4350000023841858,-0.1315666273045262
0.45100000500679016,-0.13147224910370098
