soil__mode_total_cohesion,prediction
100.0,-0.13425055859010426
2000.0,-0.13063451041016916
4000.0,-0.13202009253640706
6000.0,-0.1318446157226214
10000.0,-0.1292385592509306
