{
  "mae": 0.20793840289115906,
  "n_samples": 105727,
  "r2": 0.41033607721328735,
  "rmse": 0.5093736274092265
}