{
  "mae": 0.13748932016296905,
  "n_samples": 105594,
  "r2": 0.7387516821662437,
  "rmse": 0.33838853588098877
}