{
  "mae": 0.2595209777355194,
  "n_samples": 245216,
  "r2": 0.028947174549102783,
  "rmse": 0.567115655137228,
  "test_loss": 0.3347646929323673
}