{
  "mae": 0.13923253118991852,
  "n_samples": 105594,
  "r2": 0.6905019283294678,
  "rmse": 0.3683136856044483
}